{"cameraMode":{"drawMode":0,"name":"Shaded","section":"Shading Mode"},"sceneLighting":true,"audioPlay":false,"sceneViewState":{"m_AlwaysRefresh":false,"showFog":true,"showSkybox":true,"showFlares":true,"showImageEffects":true,"showParticleSystems":true,"showVisualEffectGraphs":true,"m_FxEnabled":true},"in2DMode":false,"pivot":{"x":-279.64898681640627,"y":-14.289729118347168,"z":-28.564443588256837},"rotation":{"x":-0.13654248416423798,"y":-0.15156009793281556,"z":0.02113780379295349,"w":-0.9787924885749817},"size":15.140911102294922,"orthographic":false}