{"cameraMode":{"drawMode":0,"name":"Shaded","section":"Shading Mode"},"sceneLighting":true,"audioPlay":false,"sceneViewState":{"m_AlwaysRefresh":false,"showFog":true,"showSkybox":true,"showFlares":true,"showImageEffects":true,"showParticleSystems":true,"showVisualEffectGraphs":true,"m_FxEnabled":true},"in2DMode":false,"pivot":{"x":-281.04754638671877,"y":-19.686771392822267,"z":173.5958251953125},"rotation":{"x":-0.043783869594335559,"y":-0.02307899110019207,"z":0.001012276392430067,"w":-0.9987764954566956},"size":121.0989990234375,"orthographic":false}