{"cameraMode":{"drawMode":0,"name":"Shaded","section":"Shading Mode"},"sceneLighting":true,"audioPlay":false,"sceneViewState":{"m_AlwaysRefresh":false,"showFog":true,"showSkybox":true,"showFlares":true,"showImageEffects":true,"showParticleSystems":true,"showVisualEffectGraphs":true,"m_FxEnabled":true},"in2DMode":false,"pivot":{"x":220.91893005371095,"y":135.19577026367188,"z":11.273536682128907},"rotation":{"x":-0.09591881185770035,"y":-0.15291132032871247,"z":0.014799872413277626,"w":-0.9835331439971924},"size":214.62696838378907,"orthographic":false}