{"cameraMode":{"drawMode":0,"name":"Shaded","section":"Shading Mode"},"sceneLighting":true,"audioPlay":false,"sceneViewState":{"m_AlwaysRefresh":false,"showFog":true,"showSkybox":true,"showFlares":true,"showImageEffects":true,"showParticleSystems":true,"showVisualEffectGraphs":true,"m_FxEnabled":true},"in2DMode":false,"pivot":{"x":-260.8326721191406,"y":-23.933700561523439,"z":14.588922500610352},"rotation":{"x":-0.12150829285383225,"y":0.005932111293077469,"z":-0.0007307449704967439,"w":-0.9926196336746216},"size":43.20728302001953,"orthographic":false}