{"cameraMode":{"drawMode":0,"name":"Shaded","section":"Shading Mode"},"sceneLighting":true,"audioPlay":false,"sceneViewState":{"m_AlwaysRefresh":false,"showFog":true,"showSkybox":true,"showFlares":true,"showImageEffects":true,"showParticleSystems":true,"showVisualEffectGraphs":true,"m_FxEnabled":true},"in2DMode":false,"pivot":{"x":-295.72784423828127,"y":-16.153261184692384,"z":-26.226160049438478},"rotation":{"x":0.04750395193696022,"y":0.2732742428779602,"z":-0.012842872180044651,"w":0.9608578681945801},"size":2.3651559352874758,"orthographic":false}