{"cameraMode":{"drawMode":0,"name":"Shaded","section":"Shading Mode"},"sceneLighting":true,"audioPlay":false,"sceneViewState":{"m_AlwaysRefresh":false,"showFog":true,"showSkybox":true,"showFlares":true,"showImageEffects":true,"showParticleSystems":true,"showVisualEffectGraphs":true,"m_FxEnabled":true},"in2DMode":false,"pivot":{"x":-295.5668640136719,"y":-0.8177328109741211,"z":-37.10647201538086},"rotation":{"x":0.22920292615890504,"y":0.13069961965084077,"z":-0.031183985993266107,"w":0.9641100764274597},"size":19.604652404785158,"orthographic":false}