{"cameraMode":{"drawMode":0,"name":"Shaded","section":"Shading Mode"},"sceneLighting":true,"audioPlay":false,"sceneViewState":{"m_AlwaysRefresh":false,"showFog":true,"showSkybox":true,"showFlares":true,"showImageEffects":true,"showParticleSystems":true,"showVisualEffectGraphs":true,"m_FxEnabled":true},"in2DMode":false,"pivot":{"x":-291.53411865234377,"y":-16.116689682006837,"z":-27.595367431640626},"rotation":{"x":-0.14143350720405579,"y":-0.14232659339904786,"z":0.020552117377519609,"w":-0.9794483780860901},"size":4.390875816345215,"orthographic":false}