{"cameraMode":{"drawMode":0,"name":"Shaded","section":"Shading Mode"},"sceneLighting":true,"audioPlay":false,"sceneViewState":{"m_AlwaysRefresh":false,"showFog":true,"showSkybox":true,"showFlares":true,"showImageEffects":true,"showParticleSystems":true,"showVisualEffectGraphs":true,"m_FxEnabled":true},"in2DMode":false,"pivot":{"x":-270.60699462890627,"y":-23.985477447509767,"z":-31.625293731689454},"rotation":{"x":-0.29979708790779116,"y":-0.3190042972564697,"z":0.10713744163513184,"w":-0.8926970362663269},"size":27.284746170043947,"orthographic":false}